date,swe_in
10/1/24,0
10/2/24,0
10/3/24,0
10/4/24,0
10/5/24,0
10/6/24,0
10/7/24,0
10/8/24,0
10/9/24,0
10/10/24,0
10/11/24,0
10/12/24,0
10/13/24,0
10/14/24,0
10/15/24,0
10/16/24,0
10/17/24,0
10/18/24,0
10/19/24,0.5
10/20/24,2.3
10/21/24,3.3
10/22/24,3.2
10/23/24,3.2
10/24/24,3.1
10/25/24,3
10/26/24,3
10/27/24,3
10/28/24,3
10/29/24,3
10/30/24,3
10/31/24,3
11/1/24,3
11/2/24,3
11/3/24,3.1
11/4/24,3.1
11/5/24,3.2
11/6/24,3.6
11/7/24,3.9
11/8/24,4.1
11/9/24,4.2
11/10/24,4.3
11/11/24,4.3
11/12/24,4.3
11/13/24,4.2
11/14/24,4.2
11/15/24,4.2
11/16/24,4.2
11/17/24,4.2
11/18/24,4.2
11/19/24,4.2
11/20/24,4.1
11/21/24,4.1
11/22/24,4.1
11/23/24,4.1
11/24/24,4.1
11/25/24,4.1
11/26/24,4.1
11/27/24,4.1
11/28/24,4.1
11/29/24,4.1
11/30/24,4.1
12/1/24,4.1
12/2/24,4.1
12/3/24,4.1
12/4/24,4.1
12/5/24,4
12/6/24,4
12/7/24,4
12/8/24,4
12/9/24,4
12/10/24,3.9
12/11/24,3.9
12/12/24,3.9
12/13/24,3.9
12/14/24,3.9
12/15/24,3.9
12/16/24,3.9
12/17/24,3.9
12/18/24,3.9
12/19/24,3.9
12/20/24,3.9
12/21/24,3.9
12/22/24,3.9
12/23/24,3.9
12/24/24,3.9
12/25/24,3.9
12/26/24,4.1
12/27/24,4.1
12/28/24,4.3
12/29/24,4.3
12/30/24,4.3
12/31/24,4.2
1/1/25,4.1
1/2/25,4.1
1/3/25,4.1
1/4/25,4.1
1/5/25,4.1
1/6/25,4.1
1/7/25,4.1
1/8/25,4.1
1/9/25,4.2
1/10/25,4.1
1/11/25,4.1
1/12/25,4.1
1/13/25,4.3
1/14/25,4.4
1/15/25,4.4
1/16/25,4.5
1/17/25,4.5
1/18/25,4.5
1/19/25,4.4
1/20/25,4.4
1/21/25,4.4
1/22/25,4.4
1/23/25,4.4
1/24/25,4.5
1/25/25,4.6
1/26/25,4.6
1/27/25,4.6
1/28/25,4.6
1/29/25,4.6
1/30/25,5.1
1/31/25,5.4
2/1/25,5.5
2/2/25,5.5
2/3/25,5.5
2/4/25,5.5
2/5/25,5.4
2/6/25,5.4
2/7/25,5.4
2/8/25,5.4
2/9/25,5.4
2/10/25,5.3
2/11/25,5.2
2/12/25,5.2
2/13/25,5.2
2/14/25,5.2
2/15/25,6.5
2/16/25,6.6
2/17/25,6.6
2/18/25,6.6
2/19/25,6.6
2/20/25,6.6
2/21/25,6.6
2/22/25,6.6
2/23/25,6.6
2/24/25,6.6
2/25/25,6.6
2/26/25,6.6
2/27/25,6.6
2/28/25,6.6
3/1/25,6.6
3/2/25,6.6
3/3/25,6.7
3/4/25,6.8
3/5/25,6.8
3/6/25,6.8
3/7/25,6.6
3/8/25,6.9
3/9/25,7
3/10/25,7
3/11/25,7
3/12/25,7
3/13/25,7
3/14/25,7.2
3/15/25,7.8
3/16/25,8
3/17/25,8.1
3/18/25,8.1
3/19/25,8.3
3/20/25,8.3
3/21/25,8.4
3/22/25,8.4
3/23/25,8.4
3/24/25,8.4
3/25/25,8.4
3/26/25,8.4
3/27/25,8.4
3/28/25,8.5
3/29/25,8.7
3/30/25,8.6
3/31/25,8.5
4/1/25,8.5
4/2/25,8.5
4/3/25,8.5
4/4/25,8.5
4/5/25,8.7
4/6/25,8.8
4/7/25,8.8
4/8/25,8.9
4/9/25,8.9
4/10/25,8.9
4/11/25,8.9
4/12/25,8.9
4/13/25,8.8
4/14/25,8.6
4/15/25,8.7
4/16/25,8.4
4/17/25,8.2
4/18/25,8.2
4/19/25,8.2
4/20/25,8.4
4/21/25,8.4
4/22/25,8.5
4/23/25,8.4
4/24/25,8.2
4/25/25,8
4/26/25,7.6
4/27/25,7.2
4/28/25,7.2
4/29/25,7.1
4/30/25,6.6
5/1/25,6.5
5/2/25,6.3
5/3/25,6
5/4/25,5.8
5/5/25,6.5
5/6/25,7.8
5/7/25,8.5
5/8/25,8.6
5/9/25,8.6
5/10/25,8.4
5/11/25,8.2
5/12/25,7.8
5/13/25,7.4
5/14/25,7
5/15/25,6.8
5/16/25,6.6
5/17/25,5.9
5/18/25,5.1
5/19/25,4.9
5/20/25,4.8
5/21/25,4.4
5/22/25,3.7
5/23/25,3
5/24/25,2.3
5/25/25,1.7
5/26/25,1.3
5/27/25,1.2
5/28/25,0.7
5/29/25,0.4
5/30/25,0.1
5/31/25,0
6/1/25,0
6/2/25,0
6/3/25,0
6/4/25,0
6/5/25,0
6/6/25,0
6/7/25,0
6/8/25,0
6/9/25,0
6/10/25,0
6/11/25,0
6/12/25,0
6/13/25,0
6/14/25,0
6/15/25,0
6/16/25,0
6/17/25,0
6/18/25,0
6/19/25,0
6/20/25,0
6/21/25,0
6/22/25,0
6/23/25,0
6/24/25,0
6/25/25,0
6/26/25,0
6/27/25,0
6/28/25,0
6/29/25,0
6/30/25,0
7/1/25,0
7/2/25,0
7/3/25,0
7/4/25,0
7/5/25,0
7/6/25,0
7/7/25,0
7/8/25,0
7/9/25,0
7/10/25,0
7/11/25,0
7/12/25,0
7/13/25,0
7/14/25,0
7/15/25,0
7/16/25,0
7/17/25,0
7/18/25,0
7/19/25,0
7/20/25,0
7/21/25,0
7/22/25,0
7/23/25,0
7/24/25,0
7/25/25,0
7/26/25,0
7/27/25,0
7/28/25,0
7/29/25,0
7/30/25,0
7/31/25,0
8/1/25,0
8/2/25,0
8/3/25,0
8/4/25,0
8/5/25,0
8/6/25,0
8/7/25,0
8/8/25,0
8/9/25,0
8/10/25,0
8/11/25,0
8/12/25,0
8/13/25,0
8/14/25,0
8/15/25,0
8/16/25,0
8/17/25,0
8/18/25,0
8/19/25,0
8/20/25,0
8/21/25,0
8/22/25,0
8/23/25,0
8/24/25,0
8/25/25,0
8/26/25,0
8/27/25,0
8/28/25,0
8/29/25,0
8/30/25,0
8/31/25,0
9/1/25,0
9/2/25,0
9/3/25,0
9/4/25,0
9/5/25,0
9/6/25,0
9/7/25,0
9/8/25,0
9/9/25,0
9/10/25,0
9/11/25,0
9/12/25,0
9/13/25,0
9/14/25,0
9/15/25,0
9/16/25,0
9/17/25,0